Index,ID,RemoteFrame,DLC,Payload,TimeInterval
0,587,0,8,0000000000000001,0.0
1,316,0,8,051c6a0a1c13007f,0.0007770061492919922
2,18f,0,8,00211c0000430000,0.00023794174194335938
3,260,0,8,051c0030ff936335,0.0002319812774658203
4,080,0,8,00176a0a1c131c1f,0.00024008750915527344
5,081,0,8,4d845d000000002f,0.00023794174194335938
6,2a0,0,8,62005d9dc20cb702,0.00028705596923828125
7,329,0,8,85a8808c112d0010,0.00017595291137695312
8,382,0,8,40fe0f0000000000,0.000247955322265625
9,4b1,0,8,0000000000000000,0.00024819374084472656
10,164,0,8,000800000000050d,0.00024700164794921875
11,370,0,8,ff200080ff0000ec,0.00024080276489257812
12,43f,0,8,105064ff51540900,0.00023603439331054688
13,440,0,8,fff00000ff540900,0.00024199485778808594
14,4f2,0,8,00009038000000a1,0.00024199485778808594
15,110,0,8,e03c300900000000,0.00024008750915527344
16,4f0,0,8,000042000095cd04,0.00024008750915527344
17,545,0,8,da15008b3d003f00,0.00023293495178222656
18,0a0,0,8,4276640a00240002,0.00023794174194335938
19,0a1,0,8,7e8c808024000000,0.00023794174194335938
20,153,0,8,008010ff00ff20ae,0.0024302005767822266
21,1f1,0,8,0000000000000000,0.00024390220642089844
22,220,0,8,f603fa0309003f10,0.00023794174194335938
23,165,0,8,12d87f0000000cb9,0.00023698806762695312
24,2b0,0,5,77000007bc,0.00018405914306640625
25,2c0,0,8,3d00000000000000,0.0020949840545654297
26,316,0,8,051c6a0a1c13007f,0.00030612945556640625
27,18f,0,8,00211c0000430000,0.00024080276489257812
28,260,0,8,051c0030ff936308,0.00023317337036132812
29,080,0,8,00176a0a1c131c00,0.00023794174194335938
30,081,0,8,4d845d0000000010,0.00024199485778808594
31,2a0,0,8,02005d9dc20cb702,0.00024008750915527344
32,329,0,8,85a8808c112d0010,0.00022792816162109375
33,545,0,8,da0e008b3d003f00,0.00023293495178222656
34,43f,0,8,105064ff51500900,0.00023603439331054688
35,370,0,8,ff200080ff0000a0,0.00024199485778808594
36,440,0,8,ff000000ff500900,0.00024390220642089844
37,4b0,0,8,0000000000000000,0.00025010108947753906
38,164,0,8,000800000000060e,0.00025010108947753906
39,050,0,4,00000000,0.0003559589385986328
40,350,0,8,0520046565000021,0.0006349086761474609
41,153,0,8,008010ff00ff30be,0.0027649402618408203
42,220,0,8,f603010409003d10,0.00024008750915527344
43,2b0,0,5,750001079d,0.0002460479736328125
44,165,0,8,12d87f0000000db8,0.00023603439331054688
45,316,0,8,051c6a0a1c13007f,0.0035479068756103516
46,18f,0,8,00211c0000430000,0.0002899169921875
47,080,0,8,00176a0a1c131cf1,0.00018405914306640625
48,081,0,8,4d845d0000000001,0.00023698806762695312
49,260,0,8,051c0030ff936317,0.00023412704467773438
50,2a0,0,8,a2005d9dc20cb702,0.00023293495178222656
51,329,0,8,85a8808c112e0010,0.0002319812774658203
52,370,0,8,ff200080ff000064,0.00024008750915527344
53,382,0,8,40fe0f0000000004,0.0002448558807373047
54,43f,0,8,105064ff51500900,0.00023698806762695312
55,440,0,8,ff500000ff500900,0.0002460479736328125
56,018,0,8,280000600000a014,0.00024890899658203125
57,4b1,0,8,0000000000000000,0.0002510547637939453
58,164,0,8,000800000000070f,0.00024700164794921875
59,4f2,0,8,0000a038000000a2,0.00024199485778808594
60,545,0,8,da0e008a3e003e00,0.00023818016052246094
61,4f0,0,8,000044000095cd04,0.00024199485778808594
62,4f1,0,8,c017000000000000,0.00028896331787109375
63,51a,0,8,0003000000000000,0.00026798248291015625
64,690,0,8,0348010080002808,0.0002620220184326172
65,153,0,8,008010ff00ff40ce,0.0010709762573242188
66,1f1,0,8,0000000000000000,0.00024890899658203125
67,220,0,8,f603040409003a10,0.0002491474151611328
68,165,0,8,12d87f0000000ebb,0.0002307891845703125
69,2b0,0,5,770000079e,0.00018405914306640625
70,316,0,8,051c4c0a1c13007f,0.0026559829711914062
71,260,0,8,051c0030ff936326,0.0002300739288330078
72,18f,0,8,00211c0000430000,0.00023794174194335938
73,080,0,8,00174c0a1c131ce2,0.00023412704467773438
74,081,0,8,4d845d00000000f2,0.00026488304138183594
75,2a0,0,8,c2005d9dc20cb702,0.00020503997802734375
76,329,0,8,d7a8808c112e0010,0.0002288818359375
77,4b0,0,8,0000000000000000,0.00025010108947753906
78,164,0,8,0008000000000800,0.00024890899658203125
79,370,0,8,ff200080ff000028,0.000244140625
80,43f,0,8,105064ff514c0900,0.00023484230041503906
81,440,0,8,ffa00000ff4c0900,0.0002410411834716797
82,545,0,8,da0e008a3e003f00,0.00023603439331054688
83,350,0,8,0520146565000031,0.0009059906005859375
84,153,0,8,008010ff00ff50de,0.0026121139526367188
85,220,0,8,f803ff0309003a10,0.0002429485321044922
86,5e4,0,3,000200,0.0002300739288330078
87,165,0,8,12d87f0000000fba,0.00024199485778808594
88,2b0,0,5,770000078f,0.0001838207244873047
89,316,0,8,051c460a1c13007f,0.002443075180053711
90,18f,0,8,00211c0000430000,0.00023698806762695312
91,080,0,8,0017460a1c131c33,0.00023508071899414062
92,081,0,8,4d845d00000000e3,0.00023603439331054688
93,260,0,8,051c0030ff936335,0.0002319812774658203
94,2a0,0,8,62005d9dc20cb702,0.0002319812774658203
95,329,0,8,d7a8808c112e0010,0.00023102760314941406
96,382,0,8,40fe0f0000000008,0.0002460479736328125
97,4b1,0,8,0000000000000000,0.000247955322265625
98,164,0,8,0008000000000901,0.00024580955505371094
99,370,0,8,ff200080ff0000ec,0.0002422332763671875
100,43f,0,8,105064ff514c0900,0.00023484230041503906
101,164,1,8,0102030405060708,8.797645568847656e-05
102,164,0,8,0008000000000901,0.00025200843811035156
103,440,0,8,fff00000ff4c0900,0.00024199485778808594
104,4f2,0,8,0000a038000000a3,0.00024008750915527344
105,545,0,8,da0e008a3f004000,0.0002338886260986328
106,4f0,0,8,000046000095cd04,0.00024199485778808594
107,59b,0,8,00000000000000c4,0.000244140625
108,153,0,8,008010ff00ff60ee,0.0025038719177246094
109,1f1,0,8,0000000000000000,0.0002491474151611328
110,220,0,8,fa03fb030c003a10,0.00023603439331054688
111,165,0,8,13d87f00000000b4,0.00023794174194335938
112,2b0,0,5,7600000760,0.00018596649169921875
113,316,0,8,051c460a1c13007f,0.002532958984375
114,260,0,8,051c0030ff936308,0.00024700164794921875
115,18f,0,8,00211c0000430000,0.0002269744873046875
116,080,0,8,0017460a1c131c24,0.00023412704467773438
117,081,0,8,4d845d00000000d4,0.00023603439331054688
118,2a0,0,8,02005d9dc20cb702,0.00023794174194335938
119,329,0,8,d7a8808c112e0010,0.0002288818359375
120,4b0,0,8,0000000000000000,0.00025010108947753906
121,164,0,8,0008000000000a02,0.0002460479736328125
122,370,0,8,ff200080ff0000a0,0.00024199485778808594
123,43f,0,8,105064ff51480900,0.00023984909057617188
124,440,0,8,ff000000ff480900,0.000244140625
125,545,0,8,da0e008a40004100,0.00023794174194335938
126,350,0,8,0520246565000001,0.0009860992431640625
127,153,0,8,008010ff00ff70fe,0.0026438236236572266
128,220,0,8,fb03ff030c003a10,0.00023818016052246094
129,2b0,0,5,7700000761,0.0003597736358642578
130,165,0,8,12d87f00000001b4,0.00023818016052246094
131,316,0,8,051c460a1c13007f,0.002804994583129883
132,260,0,8,051c0030ff936317,0.0002338886260986328
133,2a0,0,8,a2005d9dc20cb702,0.0002319812774658203
134,080,0,8,0017460a1c131c15,0.00023698806762695312
135,081,0,8,4d845d00000000c5,0.0002751350402832031
136,18f,0,8,00211c0000430000,0.00020194053649902344
137,329,0,8,d7a8808c112e0010,0.0002300739288330078
138,382,0,8,40fe0f000000000c,0.0002448558807373047
139,370,0,8,ff200080ff000064,0.0002410411834716797
140,43f,0,8,105064ff51480900,0.00024008750915527344
141,440,0,8,ff500000ff480900,0.00024700164794921875
142,4b1,0,8,0000000000000000,0.0002448558807373047
143,164,0,8,0008000000000b03,0.00024819374084472656
144,4f2,0,8,0000a038000000a4,0.00024199485778808594
145,510,0,8,0000000000000000,0.00025200843811035156
146,4f0,0,8,000048000095cd04,0.00024080276489257812
147,545,0,8,da0e008a3f004000,0.00023412704467773438
148,153,0,8,008010ff00ff800e,0.0025289058685302734
149,1f1,0,8,0000000000000000,0.000247955322265625
150,220,0,8,f80303040c003a10,0.0002391338348388672
151,165,0,8,13d87f00000002b6,0.00023698806762695312
152,2b0,0,5,7700000752,0.00018405914306640625
153,316,0,8,051c6a0a1c13007f,0.0027549266815185547
154,260,0,8,051c0030ff936326,0.0002300739288330078
155,18f,0,8,00211c0000430000,0.00023794174194335938
156,080,0,8,00176a0a1c131ca6,0.0002338886260986328
157,081,0,8,4d845d00000000b6,0.00026917457580566406
158,2a0,0,8,c2005d9dc20cb702,0.0002028942108154297
159,329,0,8,d7a8808c112e0010,0.00022912025451660156
160,4b0,0,8,0000000000000000,0.0002498626708984375
161,164,0,8,0008000000000c04,0.0002460479736328125
162,370,0,8,ff200080ff000028,0.00024390220642089844
163,43f,0,8,105064ff51440900,0.00024008750915527344
164,440,0,8,ffa00000ff440900,0.00024390220642089844
165,545,0,8,da0e008b3f003e00,0.00023818016052246094
166,350,0,8,0520346565000011,0.0009260177612304688
167,153,0,8,008010ff00ff901e,0.0024809837341308594
168,220,0,8,f503000409003a10,0.00023603439331054688
169,2b0,0,5,7700000743,0.0003809928894042969
170,165,0,8,12d87f00000003b6,0.00024700164794921875
171,316,0,8,051c6a0a1c13007f,0.0030028820037841797
172,18f,0,8,00211c0000430000,0.00023603439331054688
173,080,0,8,00176a0a1c131c97,0.0002338886260986328
174,081,0,8,4d845d00000000a7,0.00024008750915527344
175,260,0,8,051c0030ff936335,0.00023293495178222656
176,2a0,0,8,62005d9dc20cb702,0.00023102760314941406
177,329,0,8,d7a8808c112e0010,0.0002300739288330078
178,370,0,8,ff200080ff0000ec,0.00023984909057617188
179,382,0,8,40fe0f0000000000,0.00024819374084472656
180,43f,0,8,105064ff51440900,0.00024080276489257812
181,440,0,8,fff00000ff480900,0.00024509429931640625
182,4b1,0,8,0000000000000000,0.00024890899658203125
183,164,0,8,0008000000000d05,0.00024819374084472656
184,4f2,0,8,0000a038000000a5,0.00024199485778808594
185,545,0,8,da0e008b40003f00,0.00023794174194335938
186,4f0,0,8,00004a000095cd04,0.00024008750915527344
187,153,0,8,008010ff00ffa02e,0.0025458335876464844
188,1f1,0,8,0000000000000000,0.0002510547637939453
189,220,0,8,f503f90309003a10,0.00023794174194335938
190,165,0,8,12d87f00000004b1,0.00023603439331054688
191,2b0,0,5,7700000734,0.0001850128173828125
192,316,0,8,051c760a1c13007f,0.0026400089263916016
193,260,0,8,051c0030ff936308,0.00023698806762695312
194,18f,0,8,00211c0000430000,0.00023603439331054688
195,080,0,8,0017760a1c131cb8,0.00023508071899414062
196,081,0,8,4d845d0000000098,0.00023794174194335938
197,2a0,0,8,02005d9dc20cb702,0.00023603439331054688
198,329,0,8,0fa8808c112e0010,0.0002319812774658203
199,4b0,0,8,0000000000000000,0.0002510547637939453
200,164,0,8,0008000000000e06,0.00024890899658203125
201,370,0,8,ff200080ff0000a0,0.00023889541625976562
202,43f,0,8,105064ff51480900,0.00024008750915527344
203,440,0,8,ff000000ff4c0900,0.00024008750915527344
204,545,0,8,da0e008b40003f00,0.00023794174194335938
205,350,0,8,0520446565000061,0.000985860824584961
206,153,0,8,008010ff00ffb03e,0.0025391578674316406
207,220,0,8,f603f90309003a10,0.0002338886260986328
208,2b0,0,5,7500000705,0.0004820823669433594
209,165,0,8,12d87f00000005b0,0.00023508071899414062
210,587,0,8,0000000000000002,0.0017859935760498047
211,316,0,8,051c760a1c13007f,0.0009930133819580078
212,260,0,8,051c0030ff936317,0.0002338886260986328
213,2a0,0,8,a2005d9dc20cb702,0.00023102760314941406
214,080,0,8,0017760a1c131ca9,0.00023698806762695312
215,081,0,8,4d845d0000000089,0.00023603439331054688
216,18f,0,8,00211c0000430000,0.00023984909057617188
217,329,0,8,0fa8808c112e0010,0.00023221969604492188
218,382,0,8,40fe0f0000000004,0.00024580955505371094
219,370,0,8,ff200080ff000064,0.00024008750915527344
220,43f,0,8,105064ff51480900,0.0002410411834716797
221,440,0,8,ff500000ff4c0900,0.00023984909057617188
222,4b1,0,8,0000000000000000,0.00024819374084472656
223,164,0,8,0008000000000f07,0.000247955322265625
224,4f2,0,8,0000a038000000a6,0.00023984909057617188
225,110,0,8,e03c300900000000,0.00024008750915527344
226,4f0,0,8,00004c000095cd04,0.00024390220642089844
227,0a0,0,8,4376460a00240002,0.0002372264862060547
228,0a1,0,8,7e8c808024000000,0.00023794174194335938
229,545,0,8,da0e008b3f003e00,0.00023794174194335938
230,153,0,8,008010ff00ffc04e,0.0019750595092773438
231,1f1,0,8,0000000000000000,0.0002448558807373047
232,220,0,8,f503ff0309003a10,0.00023603439331054688
233,2b0,0,5,7700000716,0.00018596649169921875
234,165,0,8,12d87f00000006b3,0.00023603439331054688
235,2c0,0,8,3d00000000000000,0.002135038375854492
236,316,0,8,051b760a1c13007f,0.0012519359588623047
237,18f,0,8,00211c0000430000,0.00023818016052246094
238,080,0,8,0017760a1b131caa,0.00023293495178222656
239,081,0,8,4d845d000000007a,0.00023484230041503906
240,260,0,8,051c0030ff936128,0.00023317337036132812
241,2a0,0,8,c2005d9dc20cb702,0.00023293495178222656
242,329,0,8,0fa8808c112e0010,0.00023293495178222656
243,370,0,8,ff200080ff000028,0.00024509429931640625
244,43f,0,8,105064ff514c0900,0.00023603439331054688
245,440,0,8,ffa00000ff540900,0.00023984909057617188
246,4b0,0,8,0000000000000000,0.00025010108947753906
247,164,0,8,0008000000000008,0.000247955322265625
248,545,0,8,da0e008b3a003e00,0.00023603439331054688
249,350,0,8,0520546565000071,0.00037789344787597656
250,153,0,8,008010ff00ffd05e,0.0024061203002929688
251,220,0,8,f403030409003a10,0.00023698806762695312
252,2b0,0,5,7600000717,0.0005190372467041016
253,165,0,8,12d87f00000007b2,0.00023889541625976562
254,316,0,8,051b5a0a1b13007f,0.002546072006225586
255,260,0,8,051b0030ff936138,0.0002319812774658203
256,080,0,8,00175a0a1b131b8b,0.0002319812774658203
257,081,0,8,4d845d000000006b,0.00023794174194335938
258,18f,0,8,00211b0000430000,0.0002410411834716797
259,2a0,0,8,62005d9dc20cb702,0.0002319812774658203
260,329,0,8,0fa8808c112f0010,0.00023698806762695312
261,382,0,8,40fe0f0000000008,0.00024819374084472656
262,4b1,0,8,0000000000000000,0.00024580955505371094
263,164,0,8,0008000000000109,0.00024819374084472656
264,370,0,8,ff200080ff0000ec,0.00023984909057617188
265,43f,0,8,105064ff514c0900,0.00023698806762695312
266,440,0,8,fff00000ff500900,0.000244140625
267,545,0,8,da0e008a3a003b00,0.0002357959747314453
268,4f2,0,8,0000b038000000a7,0.001123189926147461
269,4f0,0,8,00004e000095cd04,0.00026297569274902344
270,4f1,0,8,c017000000000000,0.0002620220184326172
271,690,0,8,0348010080002c08,0.0002608299255371094
272,153,0,8,008010ff00ffe06e,0.0014510154724121094
273,1f1,0,8,0000000000000000,0.00024819374084472656
274,220,0,8,f503fd0309003a10,0.0002357959747314453
275,2b0,0,5,76000007e8,0.0001862049102783203
276,165,0,8,12d87f00000008bd,0.00023698806762695312
277,316,0,8,051b520a1b13007f,0.002805948257446289
278,260,0,8,051b0030ff93610b,0.0002319812774658203
279,18f,0,8,00211b0000430000,0.00024008750915527344
280,080,0,8,0017520a1b131bfc,0.0002338886260986328
281,081,0,8,4d845d000000005c,0.00023794174194335938
282,2a0,0,8,02005d9dc20cb702,0.00023698806762695312
283,329,0,8,0fa8808c112f0010,0.00023603439331054688
284,4b0,0,8,0000000000000000,0.0002510547637939453
285,164,0,8,000800000000020a,0.00024700164794921875
286,370,0,8,ff200080ff0000a0,0.0002429485321044922
287,43f,0,8,105064ff514c0900,0.00023603439331054688
288,440,0,8,ff000000ff4c0900,0.00024008750915527344
289,545,0,8,da0e00893b003c00,0.00023698806762695312
290,350,0,8,0520646565000041,0.0009968280792236328
291,153,0,8,008010ff00ff008e,0.002357006072998047
292,220,0,8,f703f8030c003a10,0.00023317337036132812
293,5e4,0,3,000200,0.0005528926849365234
294,165,0,8,12e87f000000098c,0.00023508071899414062
295,2b0,0,5,77000007e9,0.0001888275146484375
296,316,0,8,051b520a1b13007f,0.0025930404663085938
297,260,0,8,051b0030ff93611a,0.00022912025451660156
298,2a0,0,8,a2005d9dc20cb702,0.00023102760314941406
299,080,0,8,0017520a1b131bed,0.00023603439331054688
300,081,0,8,4d845d000000004d,0.0002357959747314453
301,18f,0,8,00211b0000430000,0.00024199485778808594
302,329,0,8,0fa8808c112f0010,0.00023508071899414062
303,382,0,8,40fe0f000000000c,0.0002460479736328125
304,370,0,8,ff200080ff000064,0.00023984909057617188
305,43f,0,8,105064ff514c0900,0.00023603439331054688
306,440,0,8,ff500000ff4c0900,0.00024008750915527344
307,4b1,0,8,0000000000000000,0.00024890899658203125
308,164,0,8,000800000000030b,0.0002720355987548828
309,4f2,0,8,0000b038000000a8,0.00022411346435546875
310,164,1,8,0102030405060708,8.296966552734375e-05
311,164,0,8,000800000000030b,0.0002589225769042969
312,4f0,0,8,000050000095cd04,0.00024199485778808594
313,545,0,8,da0e008a3b003c00,0.00023603439331054688
314,59b,0,8,0000000000000088,0.00024700164794921875
315,153,0,8,008010ff00ff109e,0.002026081085205078
316,1f1,0,8,0000000000000000,0.000247955322265625
317,220,0,8,f803fc0309003a10,0.00023889541625976562
318,2b0,0,5,77000007da,0.0002930164337158203
319,165,0,8,11e87f0000000a8c,0.0002460479736328125
320,316,0,8,051b520a1b13007f,0.002805948257446289
321,260,0,8,051b0030ff936129,0.00023412704467773438
322,18f,0,8,00211b0000430000,0.00023984909057617188
323,080,0,8,0017520a1b131bde,0.0002319812774658203
324,081,0,8,4d845d000000003e,0.0002620220184326172
325,2a0,0,8,c2005d9dc20cb702,0.0002090930938720703
326,329,0,8,40a8808c112f0010,0.00023293495178222656
327,4b0,0,8,0000000000000000,0.00025010108947753906
328,164,0,8,000800000000040c,0.0002510547637939453
329,370,0,8,ff200080ff000028,0.0002448558807373047
330,43f,0,8,105064ff514c0900,0.00023603439331054688
331,440,0,8,ffa00000ff4c0900,0.00024008750915527344
332,545,0,8,da0e008a3b003c00,0.00023603439331054688
333,120,0,4,00120000,0.00018787384033203125
334,517,0,8,0000000000000000,0.0002810955047607422
335,350,0,8,0520746565000051,0.00046181678771972656
336,153,0,8,008010ff00ff20ae,0.0023109912872314453
337,220,0,8,f703010409003a10,0.0002372264862060547
338,2b0,0,5,77000007cb,0.0005438327789306641
339,165,0,8,12d87f0000000bbe,0.00023794174194335938
340,316,0,8,051b840a1b13007f,0.0026421546936035156
341,18f,0,8,00211b0000430000,0.00023984909057617188
342,080,0,8,0017840a1b131b7f,0.00023603439331054688
343,081,0,8,4d845d000000002f,0.0002391338348388672
344,260,0,8,051b0030ff935f3b,0.00023603439331054688
345,2a0,0,8,62005d9dc20cb702,0.0002498626708984375
346,329,0,8,40a8808c112f0010,0.00021409988403320312
347,382,0,8,40fe0f0000000000,0.00024890899658203125
348,4b1,0,8,0000000000000000,0.0002491474151611328
349,164,0,8,000800000000050d,0.00024700164794921875
350,370,0,8,ff200080ff0000ec,0.00023984909057617188
351,43f,0,8,105064ff514c0900,0.00023698806762695312
352,440,0,8,fff00000ff4c0900,0.00024199485778808594
353,4f2,0,8,0000b038000000a9,0.00024199485778808594
354,545,0,8,da0e008a36003a00,0.00023412704467773438
355,4f0,0,8,000052000095cd04,0.0002410411834716797
356,510,0,8,0000000000000000,0.00025200843811035156
357,153,0,8,008010ff00ff30be,0.002500772476196289
358,1f1,0,8,0000000000000000,0.00024819374084472656
359,220,0,8,f403ff0309003a10,0.00023794174194335938
360,2b0,0,5,780000074c,0.000370025634765625
361,165,0,8,12d87f0000000cb9,0.00023698806762695312
362,316,0,8,051b840a1b13007f,0.00308990478515625
363,18f,0,8,00211b0000430000,0.00024008750915527344
364,080,0,8,0017840a1b131b60,0.00023603439331054688
365,081,0,8,4d845d0000000010,0.0002429485321044922
366,260,0,8,051b0030ff935f0e,0.00023698806762695312
367,2a0,0,8,02005d9dc20cb702,0.00023508071899414062
368,329,0,8,40a8808c112f0010,0.0002319812774658203
369,370,0,8,ff200080ff0000a0,0.0002429485321044922
370,43f,0,8,105064ff51500900,0.00023603439331054688
371,440,0,8,ff000000ff540900,0.0002410411834716797
372,4b0,0,8,0000000000000000,0.00025081634521484375
373,164,0,8,000800000000060e,0.0002510547637939453
374,545,0,8,da0e008b36003a00,0.00023412704467773438
375,350,0,8,05208465650000a1,0.0006818771362304688
376,042,0,8,ff00ffff00000000,0.0002410411834716797
377,043,0,8,0100000000000000,0.0002510547637939453
378,044,0,8,000000ff5d000000,0.0002498626708984375
379,153,0,8,008010ff00ff40ce,0.0014500617980957031
380,220,0,8,f303f8030c003a10,0.00023794174194335938
381,2b0,0,5,750000078d,0.0006930828094482422
382,165,0,8,11d87f0000000dbb,0.00023603439331054688
383,316,0,8,051b980a1b13007f,0.0027718544006347656
384,260,0,8,051b0030ff935f1d,0.00023317337036132812
385,2a0,0,8,a2005d9dc20cb702,0.00023102760314941406
386,080,0,8,0017980a1b131b01,0.0002338886260986328
387,081,0,8,4d845d0000000001,0.0002639293670654297
388,18f,0,8,00211b0000430000,0.00021719932556152344
389,329,0,8,40a8808c112f0010,0.0002319812774658203
390,382,0,8,40fe0f0000000004,0.00024580955505371094
391,370,0,8,ff200080ff000064,0.00024008750915527344
392,43f,0,8,105064ff51540900,0.00023603439331054688
393,440,0,8,ff500000ff580900,0.00024008750915527344
394,4b1,0,8,0000000000000000,0.00024890899658203125
395,164,0,8,000800000000070f,0.0002498626708984375
396,4f2,0,8,0000b038000000aa,0.00024008750915527344
397,545,0,8,da0e008b36003a00,0.0002319812774658203
398,4f0,0,8,000054000095cd04,0.00024008750915527344
399,153,0,8,008010ff00ff50de,0.002490997314453125
400,1f1,0,8,0000000000000000,0.00024890899658203125
401,220,0,8,f403f80309003a10,0.00023293495178222656
402,2b0,0,5,74000007ae,0.0003910064697265625
403,165,0,8,11e87f0000000e88,0.00023603439331054688
404,316,0,8,051b980a1b13007f,0.002832174301147461
405,260,0,8,051b0030ff935f2c,0.0002307891845703125
406,18f,0,8,00211b0000430000,0.0002391338348388672
407,080,0,8,0017980a1b131bf2,0.0002338886260986328
408,081,0,8,4d845d00000000f2,0.0002601146697998047
409,2a0,0,8,c2005d9dc20cb702,0.00020885467529296875
410,329,0,8,40a8808c112f0010,0.00023221969604492188
411,4b0,0,8,0000000000000000,0.0002498626708984375
412,164,0,8,0008000000000800,0.0002491474151611328
413,370,0,8,ff200080ff000028,0.0002429485321044922
414,43f,0,8,105064ff51580900,0.00023603439331054688
415,440,0,8,ffa00000ff5c0900,0.0002429485321044922
416,545,0,8,da0e008c36003a00,0.0002338886260986328
417,5f0,0,2,0000,0.000141143798828125
418,350,0,8,05209465650000b1,0.0007879734039306641
419,153,0,8,008010ff00ff60ee,0.002209901809692383
420,220,0,8,f603000409003a10,0.00023293495178222656
421,2b0,0,5,75000007af,0.0007061958312988281
422,165,0,8,11e87f0000000f89,0.00023794174194335938
423,587,0,8,0000000000000003,0.0018038749694824219
424,316,0,8,051a980a1b13007f,0.0015370845794677734
425,18f,0,8,00211b0000430000,0.00024008750915527344
426,080,0,8,0017980a1a131bf3,0.00023698806762695312
427,081,0,8,4d845d00000000e3,0.00023484230041503906
428,260,0,8,051b0030ff935d3d,0.00023317337036132812
429,2a0,0,8,62005d9dc20cb702,0.0002319812774658203
430,329,0,8,40a8808c112f0010,0.00023293495178222656
431,370,0,8,ff200080ff0000ec,0.00024008750915527344
432,382,0,8,40fe0f0000000008,0.00024580955505371094
433,43f,0,8,105064ff51580900,0.00023603439331054688
434,440,0,8,fff00000ff5c0900,0.0002460479736328125
435,4b1,0,8,0000000000000000,0.0002460479736328125
436,110,0,8,e03c300900000000,0.00024008750915527344
437,164,0,8,0008000000000901,0.00024580955505371094
438,4f2,0,8,0000b038000000ab,0.00024008750915527344
439,545,0,8,da0e008b33003a00,0.00023698806762695312
440,4f0,0,8,000056000095cd04,0.00024008750915527344
441,153,0,8,008010ff00ff70fe,0.0016658306121826172
442,1f1,0,8,0000000000000000,0.00024700164794921875
443,220,0,8,f70304040c003a10,0.00023818016052246094
444,2b0,0,5,7700000770,0.0003829002380371094
445,165,0,8,11e87f0000000086,0.00023794174194335938
446,2c0,0,8,3d00000000000000,0.002207040786743164
447,316,0,8,051a6e0a1b13007f,0.0005121231079101562
448,260,0,8,051b0030ff935d00,0.0002338886260986328
449,18f,0,8,00211b0000430000,0.0002410411834716797
450,080,0,8,00176e0a1a131bb4,0.00023293495178222656
451,081,0,8,4d845d00000000d4,0.00023698806762695312
452,2a0,0,8,02005d9dc20cb702,0.00023603439331054688
453,329,0,8,85a8808c112e0010,0.00023293495178222656
454,4b0,0,8,0000000000000000,0.0002491474151611328
455,164,0,8,0008000000000a02,0.00024700164794921875
456,370,0,8,ff200080ff0000a0,0.0002429485321044922
457,43f,0,8,105064ff515c0900,0.00023698806762695312
458,440,0,8,ff000000ff640900,0.00024199485778808594
459,0a0,0,8,4476460a00240002,0.00023603439331054688
460,0a1,0,8,7e8c808026000000,0.00023889541625976562
461,050,0,4,00000000,0.00017499923706054688
462,545,0,8,da0e008a33003600,0.00023698806762695312
463,350,0,8,0520a46565000081,0.0003490447998046875
464,153,0,8,008010ff00ff800e,0.0022499561309814453
465,220,0,8,f803000409003a10,0.000244140625
466,2b0,0,5,7800000791,0.0006959438323974609
467,165,0,8,11e87f0000000187,0.00023508071899414062
468,316,0,8,051a4c0a1b13007f,0.0028228759765625
469,260,0,8,051b0030ff935d1f,0.00023412704467773438
470,2a0,0,8,a2005d9dc20cb702,0.0002319812774658203
471,080,0,8,00174c0a1a131be5,0.0002338886260986328
472,081,0,8,4d845d00000000c5,0.00023794174194335938
473,18f,0,8,00211b0000430000,0.00024199485778808594
474,329,0,8,85a8808c112e0010,0.00023102760314941406
475,382,0,8,40fe0f000000000c,0.00024700164794921875
476,370,0,8,ff200080ff000064,0.0002391338348388672
477,43f,0,8,105064ff515c0900,0.00024390220642089844
478,440,0,8,ff500000ff600900,0.00023698806762695312
479,4b1,0,8,0000000000000000,0.0002491474151611328
480,164,0,8,0008000000000b03,0.00024700164794921875
481,545,0,8,da0d008935003800,0.0002357959747314453
482,018,0,8,280000600000a014,0.0002491474151611328
483,4f2,0,8,0000c038000000ac,0.0007469654083251953
484,4f0,0,8,000058000095cd04,0.0002620220184326172
485,4f1,0,8,c017000000000000,0.0002620220184326172
486,51a,0,8,0003000000000000,0.00026798248291015625
487,690,0,8,0348010080003008,0.00026297569274902344
488,153,0,8,008010ff00ff901e,0.0008459091186523438
489,1f1,0,8,0000000000000000,0.00025010108947753906
490,220,0,8,f803fb030c003a10,0.00024008750915527344
491,2b0,0,5,7700000752,0.0004928112030029297
492,165,0,8,11e87f0000000284,0.00023818016052246094
493,316,0,8,051a4c0a1b13007f,0.0029129981994628906
494,18f,0,8,00211b0000430000,0.00023794174194335938
495,080,0,8,00174c0a1a131bd6,0.0002338886260986328
496,081,0,8,4d845d00000000b6,0.00023412704467773438
497,260,0,8,051b0030ff935d2e,0.00023484230041503906
498,2a0,0,8,c2005d9dc20cb702,0.00022912025451660156
499,329,0,8,85a8808c112e0010,0.00023293495178222656
500,370,0,8,ff200080ff000028,0.000244140625
501,43f,0,8,105064ff515c0900,0.00023794174194335938
502,440,0,8,ffa00000ff5c0900,0.00024199485778808594
503,4b0,0,8,0000000000000000,0.0002498626708984375
504,164,0,8,0008000000000c04,0.00024700164794921875
505,545,0,8,da0d008935003800,0.00023508071899414062
506,350,0,8,0520b46565000091,0.0008540153503417969
507,153,0,8,008010ff00ffa02e,0.0020949840545654297
508,220,0,8,f603fa030c003a10,0.0002319812774658203
509,5e4,0,3,000200,0.0007410049438476562
510,165,0,8,11e87f0000000385,0.00023794174194335938
511,2b0,0,5,7700000743,0.0001850128173828125
512,316,0,8,051a4c0a1b13007f,0.0024480819702148438
513,18f,0,8,00211b0000430000,0.00024008750915527344
514,260,0,8,051b0030ff935d3d,0.0002319812774658203
515,080,0,8,00174c0a1a131bc7,0.00023293495178222656
516,081,0,8,4d845d00000000a7,0.00024008750915527344
517,2a0,0,8,62005d9dc20cb702,0.00026297569274902344
518,329,0,8,85a8808c112e0010,0.0002028942108154297
519,382,0,8,40fe0f0000000000,0.000247955322265625
520,4b1,0,8,0000000000000000,0.00024700164794921875
521,164,0,8,0008000000000d05,0.0002491474151611328
522,370,0,8,ff200080ff0000ec,0.0002410411834716797
523,43f,0,8,105064ff51580900,0.00023484230041503906
524,440,0,8,fff00000ff580900,0.00024199485778808594
525,4f2,0,8,0000c038000000ad,0.0002429485321044922
526,545,0,8,da0d008934003700,0.00023317337036132812
527,4f0,0,8,00005a000095cd04,0.00024199485778808594
528,59b,0,8,000000000000004c,0.00024890899658203125
529,164,1,8,0102030405060708,9.393692016601562e-05
530,164,0,8,0008000000000d05,0.000244140625
531,153,0,8,008010ff00ffb03e,0.001992940902709961
532,1f1,0,8,0000000000000000,0.00024700164794921875
533,220,0,8,f403fc0309003a10,0.00023603439331054688
534,2b0,0,5,7700000734,0.0005099773406982422
535,165,0,8,12d87f00000004b1,0.0002338886260986328
536,316,0,8,051b500a1b13007f,0.0027320384979248047
537,260,0,8,051b0030ff935f0e,0.00025200843811035156
538,18f,0,8,00211b0000430000,0.000225067138671875
539,080,0,8,0017500a1b131b58,0.0002338886260986328
540,081,0,8,4d845d0000000098,0.00023603439331054688
541,2a0,0,8,02005d9dc20cb702,0.00023698806762695312
542,329,0,8,85a8808c112e0010,0.00023102760314941406
543,4b0,0,8,0000000000000000,0.00025010108947753906
544,164,0,8,0008000000000e06,0.0002460479736328125
545,370,0,8,ff200080ff0000a0,0.0002570152282714844
546,43f,0,8,105064ff51540900,0.0002238750457763672
547,440,0,8,ff000000ff540900,0.0002410411834716797
548,545,0,8,da0d00893b003a00,0.0002319812774658203
549,350,0,8,0520c465650000e1,0.0009889602661132812
550,153,0,8,008010ff00ffc04e,0.0021300315856933594
551,220,0,8,f403fc0309003a10,0.0002300739288330078
552,2b0,0,5,7700000725,0.0008618831634521484
553,165,0,8,12d87f00000005b0,0.00023698806762695312
554,316,0,8,051b500a1b13007f,0.0031511783599853516
555,18f,0,8,00211b0000430000,0.00023889541625976562
556,080,0,8,0017500a1b131b49,0.0002319812774658203
557,081,0,8,4d845d0000000089,0.00023794174194335938
558,260,0,8,051b0030ff935f1d,0.00023508071899414062
559,2a0,0,8,a2005d9dc20cb702,0.00023293495178222656
560,329,0,8,85a8808c112e0010,0.0002319812774658203
561,370,0,8,ff200080ff000064,0.0002391338348388672
562,382,0,8,40fe0f0000000004,0.00024700164794921875
563,43f,0,8,105064ff51540900,0.00023603439331054688
564,440,0,8,ff500000ff540900,0.00024199485778808594
565,4b1,0,8,0000000000000000,0.00024580955505371094
566,164,0,8,0008000000000f07,0.00024819374084472656
567,4f2,0,8,0000c038000000ae,0.00024199485778808594
568,510,0,8,0000000000000000,0.00025200843811035156
569,4f0,0,8,00005c000095cd04,0.00023984909057617188
570,545,0,8,da0d00893c003b00,0.00023293495178222656
571,153,0,8,008010ff00ffd05e,0.0016891956329345703
572,1f1,0,8,0000000000000000,0.0002639293670654297
573,220,0,8,f603fa030c003a10,0.00022101402282714844
574,2b0,0,5,7500000736,0.0005619525909423828
575,165,0,8,12e87f0000000683,0.00024008750915527344
576,316,0,8,051b6e0a1b13007f,0.002866983413696289
577,260,0,8,051b0030ff935f2c,0.00023293495178222656
578,18f,0,8,00211b0000430000,0.00024008750915527344
579,080,0,8,00176e0a1b131b4a,0.00023293495178222656
580,081,0,8,4d845d000000007a,0.00025010108947753906
581,2a0,0,8,c2005d9dc20cb702,0.00021886825561523438
582,329,0,8,d7a8808c112e0010,0.0002300739288330078
583,4b0,0,8,0000000000000000,0.0002498626708984375
584,164,0,8,0008000000000008,0.0002491474151611328
585,370,0,8,ff200080ff000028,0.0002429485321044922
586,43f,0,8,105064ff51540900,0.00023603439331054688
587,440,0,8,ffa00000ff580900,0.00023984909057617188
588,545,0,8,da0d008b3c003b00,0.00023221969604492188
589,350,0,8,0520d465650000f1,0.0009839534759521484
590,153,0,8,008010ff00ffe06e,0.0019469261169433594
591,220,0,8,f703fa0309003a10,0.00023412704467773438
592,2b0,0,5,7700000707,0.000827789306640625
593,165,0,8,12e87f0000000782,0.00024008750915527344
594,316,0,8,051b6e0a1b13007f,0.0026619434356689453
595,18f,0,8,00211b0000430000,0.00023818016052246094
596,260,0,8,051b0030ff935f3b,0.0002357959747314453
597,080,0,8,00176e0a1b131b3b,0.0002319812774658203
598,081,0,8,4d845d000000006b,0.0002391338348388672
599,2a0,0,8,62005d9dc20cb702,0.00026106834411621094
600,329,0,8,d7a8808c112d0010,0.00020384788513183594
601,382,0,8,40fe0f0000000008,0.000244140625
602,4b1,0,8,0000000000000000,0.00024890899658203125
603,164,0,8,0008000000000109,0.00024700164794921875
604,370,0,8,ff200080ff0000ec,0.0002410411834716797
605,43f,0,8,105064ff51580900,0.00023603439331054688
606,440,0,8,fff00000ff5c0900,0.00024390220642089844
607,4f2,0,8,0000c038000000af,0.00024008750915527344
608,545,0,8,da0d008c3b003a00,0.0002338886260986328
609,4f0,0,8,00005e000095cd04,0.000244140625
610,153,0,8,008010ff00ff008e,0.002457857131958008
611,1f1,0,8,0000000000000000,0.000247955322265625
612,220,0,8,f703010409003a10,0.00024008750915527344
613,2b0,0,5,77000007f8,0.00061798095703125
614,165,0,8,12d87f00000008bd,0.00023603439331054688
615,316,0,8,051b6e0a1b13007f,0.0032930374145507812
616,18f,0,8,00211b0000430000,0.00023984909057617188
617,080,0,8,00176e0a1b131b2c,0.0002532005310058594
618,081,0,8,4d845d000000005c,0.00021982192993164062
619,260,0,8,051b0030ff935f0e,0.00023412704467773438
620,2a0,0,8,02005d9dc20cb702,0.00023603439331054688
621,329,0,8,d7a8808c112d0010,0.00023293495178222656
622,370,0,8,ff200080ff0000a0,0.00024199485778808594
623,43f,0,8,105064ff51580900,0.00023603439331054688
624,440,0,8,ff000000ff580900,0.00023984909057617188
625,4b0,0,8,0000000000000000,0.00025010108947753906
626,164,0,8,000800000000020a,0.000247955322265625
627,545,0,8,da0d008c3b003a00,0.00023412704467773438
628,350,0,8,0520e465650000c1,0.0004889965057373047
629,153,0,8,008010ff00ff109e,0.0019488334655761719
630,220,0,8,f803040409003a10,0.00023818016052246094
631,2b0,0,5,74000007d9,0.0008838176727294922
632,165,0,8,12d87f00000009bc,0.00023698806762695312
633,587,0,8,0000000000000004,0.0018720626831054688
634,316,0,8,051b5c0a1c13007f,0.0009760856628417969
635,260,0,8,051c0030ff935f1c,0.00023603439331054688
636,2a0,0,8,a2005d9dc20cb702,0.00023293495178222656
637,080,0,8,00175c0a1b131c3d,0.00023102760314941406
638,081,0,8,4d845d000000004d,0.00023698806762695312
639,18f,0,8,00211c0000430000,0.00024199485778808594
640,329,0,8,d7a8808c112d0010,0.0002288818359375
641,382,0,8,40fe0f000000000c,0.0002460479736328125
642,370,0,8,ff200080ff000064,0.0002410411834716797
643,43f,0,8,105064ff51580900,0.00023603439331054688
644,440,0,8,ff500000ff580900,0.00024008750915527344
645,4b1,0,8,0000000000000000,0.000247955322265625
646,164,0,8,000800000000030b,0.0002498626708984375
647,4f2,0,8,0000c038000000b0,0.00024199485778808594
648,110,0,8,e03c300900000000,0.00024008750915527344
649,4f0,0,8,000060000095cd04,0.00024390220642089844
650,545,0,8,da0d008c3c004000,0.00023818016052246094
651,153,0,8,008010ff00ff20ae,0.0019769668579101562
652,1f1,0,8,0000000000000000,0.0002448558807373047
653,220,0,8,f90300040c003a10,0.00025010108947753906
654,2b0,0,5,74000007ea,0.0006098747253417969
655,165,0,8,12d87f0000000abf,0.00023818016052246094
656,2c0,0,8,3d00000000000000,0.0020508766174316406
657,316,0,8,051b360a1c13007f,0.000820159912109375
658,260,0,8,051c0030ff935f2b,0.0002338886260986328
659,18f,0,8,00211c0000430000,0.00023889541625976562
660,080,0,8,0017360a1b131cae,0.00023603439331054688
661,081,0,8,4d845d000000003e,0.00025916099548339844
662,2a0,0,8,c2005d9dc20cb702,0.0002129077911376953
663,329,0,8,d7a8808c112d0010,0.00023102760314941406
664,4b0,0,8,0000000000000000,0.0002510547637939453
665,164,0,8,000800000000040c,0.00025200843811035156
666,0a0,0,8,44766e0a00240002,0.00023794174194335938
667,0a1,0,8,7e8c808025000000,0.00023794174194335938
668,370,0,8,ff200080ff000028,0.000244140625
669,43f,0,8,105064ff51580900,0.0002357959747314453
670,440,0,8,ffa00000ff580900,0.00024318695068359375
671,545,0,8,da17008b3c004000,0.00023102760314941406
672,350,0,8,0520f465650000d1,0.00047779083251953125
673,153,0,8,008010ff00ff30be,0.0019011497497558594
674,220,0,8,f903f90309003a10,0.00023794174194335938
675,2b0,0,5,75000007eb,0.0009670257568359375
676,165,0,8,12d87f0000000bbe,0.00023794174194335938
677,316,0,8,051b360a1c13007f,0.002613067626953125
678,260,0,8,051c0030ff935f3a,0.0002338886260986328
679,18f,0,8,00211c0000430000,0.0002410411834716797
680,080,0,8,0017360a1b131c9f,0.0002319812774658203
681,081,0,8,4d845d000000002f,0.00023794174194335938
682,2a0,0,8,62005d9dc20cb702,0.0002601146697998047
683,329,0,8,d7a8808c112d0010,0.00020599365234375
684,382,0,8,40fe0f0000000000,0.0002460479736328125
685,4b1,0,8,0000000000000000,0.00024890899658203125
686,164,0,8,000800000000050d,0.000247955322265625
687,370,0,8,ff200080ff0000ec,0.00024008750915527344
688,43f,0,8,105064ff51580900,0.00023698806762695312
689,440,0,8,fff00000ff580900,0.0002410411834716797
690,545,0,8,da17008a3c004000,0.0002319812774658203
691,4f2,0,8,0000d038000000b1,0.0011138916015625
692,4f0,0,8,000062000095cd04,0.0002651214599609375
693,4f1,0,8,c017000000000000,0.0002620220184326172
694,690,0,8,0348010080003408,0.0003218650817871094
695,153,0,8,008010ff00ff40ce,0.0008831024169921875
696,1f1,0,8,0000000000000000,0.00024890899658203125
697,220,0,8,f803f9030c003c10,0.00024199485778808594
698,2b0,0,5,77000007bc,0.0006799697875976562
699,165,0,8,12d87f0000000cb9,0.00023818016052246094
700,316,0,8,051b360a1c13007f,0.0028409957885742188
701,260,0,8,051c0030ff935f0d,0.00023794174194335938
702,18f,0,8,00211c0000430000,0.00023794174194335938
703,080,0,8,0017360a1b131c80,0.00023603439331054688
704,081,0,8,4d845d0000000010,0.0002429485321044922
705,2a0,0,8,02005d9dc20cb702,0.00023698806762695312
706,329,0,8,0fa8808c112d0010,0.00023508071899414062
707,4b0,0,8,0000000000000000,0.00025010108947753906
708,164,0,8,000800000000060e,0.0002498626708984375
709,370,0,8,ff200080ff0000a0,0.00024199485778808594
710,43f,0,8,105064ff51500900,0.00023603439331054688
711,440,0,8,ff000000ff4c0900,0.0002410411834716797
712,545,0,8,da17008a3c004000,0.0002319812774658203
713,350,0,8,0520046565000021,0.0009710788726806641
714,153,0,8,008010ff00ff50de,0.0018439292907714844
715,220,0,8,f603fd030c003f10,0.00023698806762695312
716,5e4,0,3,000200,0.0010530948638916016
717,165,0,8,12d87f0000000db8,0.0002338886260986328
718,2b0,0,5,77000007ad,0.00018405914306640625
719,316,0,8,051d400a1c13007f,0.0028438568115234375
720,18f,0,8,00211c0000430000,0.00023818016052246094
721,080,0,8,0017400a1d131ca1,0.0002338886260986328
722,081,0,8,4d845d0000000001,0.0002620220184326172
723,260,0,8,051c0030ff926318,0.00021195411682128906
724,2a0,0,8,a2005d9dc20cb702,0.0002319812774658203
725,329,0,8,0fa8808c112d0010,0.00023508071899414062
726,370,0,8,ff200080ff000064,0.0002410411834716797
727,382,0,8,40fe0f0000000004,0.0002460479736328125
728,43f,0,8,105064ff51480900,0.00023984909057617188
729,440,0,8,ff500000ff440900,0.00024509429931640625
730,4b1,0,8,0000000000000000,0.0002448558807373047
731,164,0,8,000800000000070f,0.00025010108947753906
732,4f2,0,8,0000d038000000b2,0.00024008750915527344
733,545,0,8,da17008946004600,0.00023102760314941406
734,4f0,0,8,000064000095cd04,0.000270843505859375
735,59b,0,8,0000000000000000,0.00022292137145996094
736,164,1,8,0102030405060708,8.416175842285156e-05
737,164,0,8,000800000000070f,0.0002598762512207031
738,153,0,8,008010ff00ff60ee,0.001268148422241211
739,1f1,0,8,0000000000000000,0.00024890899658203125
740,220,0,8,f403fc030c004210,0.00024509429931640625
741,2b0,0,5,74000007ae,0.0007748603820800781
742,165,0,8,12d87f0000000ebb,0.00023603439331054688
743,316,0,8,051d400a1c13007f,0.0028181076049804688
744,2a0,0,8,c2005d9dc20cb702,0.00023293495178222656
745,329,0,8,0fa8808c112d0010,0.00023508071899414062
746,4b0,0,8,0000000000000000,0.0002498626708984375
747,080,0,8,0017400a1d131c92,0.0002601146697998047
748,081,0,8,4d845d00000000f2,0.0002129077911376953
749,164,0,8,0008000000000800,0.000247955322265625
750,18f,0,8,00211c0000430000,0.00023818016052246094
751,260,0,8,051c0030ff926327,0.0002357959747314453
752,370,0,8,ff200080ff000028,0.00024509429931640625
753,43f,0,8,105064ff51480900,0.00024008750915527344
754,440,0,8,ffa00000ff480900,0.00024700164794921875
755,545,0,8,da17008946004600,0.00023102760314941406
756,120,0,4,00120000,0.0001838207244873047
757,517,0,8,0000000000000000,0.0002779960632324219
758,350,0,8,0520146565000031,0.0004820823669433594
759,153,0,8,008010ff00ff70fe,0.0017969608306884766
760,220,0,8,f503f9030c004210,0.00023412704467773438
761,2b0,0,5,74000007bf,0.0011417865753173828
762,165,0,8,11e87f0000000f89,0.00023818016052246094
763,316,0,8,051d600a1c13007f,0.0025260448455810547
764,18f,0,8,00211c0000430000,0.0002357959747314453
765,080,0,8,0017600a1d131c63,0.00023412704467773438
766,081,0,8,4d845d00000000e3,0.00023603439331054688
767,260,0,8,051c0030ff926336,0.0002319812774658203
768,2a0,0,8,62005d9dc20cb702,0.0002319812774658203
769,329,0,8,0fa8808c112d0010,0.00023698806762695312
770,382,0,8,40fe0f0000000008,0.0002460479736328125
771,4b1,0,8,0000000000000000,0.00024700164794921875
772,164,0,8,0008000000000901,0.00024580955505371094
773,370,0,8,ff200080ff0000ec,0.0002532005310058594
774,43f,0,8,105064ff51480900,0.00022792816162109375
775,440,0,8,fff00000ff480900,0.00024509429931640625
776,4f2,0,8,0000d038000000b3,0.0002429485321044922
777,545,0,8,da17008a46004600,0.0002338886260986328
778,4f0,0,8,000066000095cd04,0.00024008750915527344
779,510,0,8,0000000000000000,0.00025200843811035156
780,153,0,8,008010ff00ff800e,0.0020339488983154297
781,1f1,0,8,0000000000000000,0.00024890899658203125
782,220,0,8,f603fb0309004210,0.0002391338348388672
783,2b0,0,5,7600000760,0.0008158683776855469
784,165,0,8,10e87f0000000087,0.00023603439331054688
785,316,0,8,051d600a1c13007f,0.002705097198486328
786,260,0,8,051c0030ff926309,0.00022602081298828125
787,18f,0,8,00211c0000430000,0.00023889541625976562
788,080,0,8,0017600a1d131c54,0.00023102760314941406
789,081,0,8,4d845d00000000d4,0.00023698806762695312
790,2a0,0,8,02005d9dc20cb702,0.00023698806762695312
791,329,0,8,0fa8808c112d0010,0.00023508071899414062
792,4b0,0,8,0000000000000000,0.0002498626708984375
793,164,0,8,0008000000000a02,0.0002460479736328125
794,370,0,8,ff200080ff0000a0,0.00024199485778808594
795,43f,0,8,105064ff51480900,0.0002410411834716797
796,440,0,8,ff000000ff4c0900,0.0002391338348388672
797,545,0,8,da17008b46004600,0.0002319812774658203
798,350,0,8,0520246565000001,0.001055002212524414
799,153,0,8,008010ff00ff901e,0.001779794692993164
800,220,0,8,f503020409004010,0.00024008750915527344
801,2b0,0,5,7700000761,0.0011320114135742188
802,165,0,8,10e87f0000000186,0.00024199485778808594
803,316,0,8,051d600a1c13007f,0.0027871131896972656
804,260,0,8,051c0030ff926318,0.0002288818359375
805,2a0,0,8,a2005d9dc20cb702,0.0002319812774658203
806,329,0,8,0fa8808c112d0010,0.00023603439331054688
807,080,0,8,0017600a1d131c45,0.0002319812774658203
808,081,0,8,4d845d00000000c5,0.0002391338348388672
809,18f,0,8,00211c0000430000,0.00023794174194335938
810,382,0,8,40fe0f000000000c,0.0002460479736328125
811,370,0,8,ff200080ff000064,0.00023984909057617188
812,43f,0,8,105064ff51480900,0.0002410411834716797
813,440,0,8,ff500000ff4c0900,0.00023889541625976562
814,4b1,0,8,0000000000000000,0.00024700164794921875
